Nº,Municipio,URL oficial
1,Abrera,https://www.abrera.cat
2,Aguilar de Segarra,https://www.aguilardesegarra.cat
3,Aiguafreda,https://www.aiguafreda.cat
4,Alella,https://alella.cat
5,Alpens,https://www.alpens.cat
6,Ametlla del Vallès,https://www.ametllavall.cat
7,Arenys de Mar,https://www.arenysdemar.cat
8,Arenys de Munt,https://www.arenysdemunt.cat
9,Argençola,https://www.argencola.cat
10,Argentona,https://www.argentona.cat
11,Artés,https://www.artes.cat
12,Avià,https://www.avia.cat
13,Avinyó,https://www.avinyo.cat
14,Avinyonet del Penedès,https://www.avinyonetdelpenedes.cat
15,Badalona,https://www.badalona.cat
16,Badia del Vallès,https://www.badiavalles.cat
17,Bagà,https://www.baga.cat
18,Balenyà,https://www.balenya.cat
19,Balsareny,https://www.balsareny.cat
20,Barberà del Vallès,https://www.barberadelvalles.cat
21,Barcelona,https://www.barcelona.cat
22,Begues,https://www.begues.cat
23,Bellprat,https://www.bellprat.cat
24,Berga,https://www.berga.cat
25,Bigues i Riells del Fai,https://www.biguesiriells.cat
26,Borredà,https://www.borreda.cat
27,Bruc, El,https://www.elbruc.cat
28,Brull, El,https://www.elbrull.cat
29,Cabanyes, Les,https://www.lescabanyes.cat
30,Cabrera d'Anoia,https://www.cabreradanoia.cat
31,Cabrera de Mar,https://www.cabrerademar.cat
32,Cabrils,https://www.cabrils.cat
33,Calaf,https://www.calaf.cat
34,Calders,https://www.calders.cat
35,Caldes de Montbui,https://www.caldesdemontbui.cat
36,Caldes d'Estrac,https://www.caldesdestrac.cat
37,Calella,https://www.calella.cat
38,Calldetenes,https://www.calldetenes.cat
39,Callús,https://www.callus.cat
40,Calonge de Segarra,https://www.calonge.cat
41,Campins,https://www.campins.cat
42,Canet de Mar,https://www.canetdemar.cat
43,Canovelles,https://www.canovelles.cat
44,Cànoves i Samalús,https://www.canovesisamalus.cat
45,Canyelles,https://www.canyelles.cat
46,Capellades,https://www.capellades.cat
47,Capolat,https://www.capolat.cat
48,Cardedeu,https://www.cardedeu.cat
49,Cardona,https://www.cardona.cat
50,Carme,https://www.elcarme.cat
51,Casserres,https://www.casserres.cat
52,Castell de l'Areny,https://www.castelldelareny.cat
53,Castellar de n'Hug,https://www.castellardenhug.cat
54,Castellar del Riu,https://www.castellardelriu.cat
55,Castellar del Vallès,https://www.castellardelvalles.cat
56,Castellbell i el Vilar,https://www.castellbellivilar.cat
57,Castellbisbal,https://www.castellbisbal.cat
58,Castellcir,https://www.castellcir.cat
59,Castelldefels,https://www.castelldefels.cat
60,Castellet i la Gornal,https://www.castelletgornal.cat
61,Castellfollit de Riubregós,https://www.castellfollitriubregos.cat
62,Castellfollit del Boix,https://www.castellfollitdelboix.cat
63,Castellgalí,https://www.castellgali.cat
64,Castellnou de Bages,https://www.castellnoudebages.cat
65,Castellolí,https://www.castelloli.cat
66,Castellterçol,https://www.castelltercol.cat
67,Castellví de la Marca,https://www.castellvidelamarca.cat
68,Castellví de Rosanes,https://www.castellviderosanes.cat
69,Centelles,https://www.centelles.cat
70,Cercs,https://www.cercs.cat
71,Cerdanyola del Vallès,https://www.cerdanyola.cat
72,Cervelló,https://www.cervello.cat
73,Collbató,https://www.collbato.cat
74,Collsuspina,https://www.collsuspina.cat
75,Copons,https://www.copons.cat
76,Corbera de Llobregat,https://www.corberallobregat.cat
77,Cornellà de Llobregat,https://www.cornella.cat
78,Cubelles,https://www.cubelles.cat
79,Dosrius,https://www.dosrius.cat
80,Esparreguera,https://www.esparreguera.cat
81,Esplugues de Llobregat,https://www.esplugues.cat
82,Espunyola, L',https://www.lespunyola.cat
83,Esquirol, L',https://www.lesquirol.cat
84,Estany, L',https://www.lestany.cat
85,Figaró-Montmany,https://www.figaro-montmany.cat
86,Fígols,https://www.figols.cat
87,Fogars de la Selva,https://www.fogarsdelaselva.cat
88,Fogars de Montclús,https://www.fogarsdemontclus.cat
89,Folgueroles,https://www.folgueroles.cat
90,Fonollosa,https://www.fonollosa.cat
91,Font-rubí,https://www.fontrubi.cat
92,Franqueses del Vallès, Les,https://www.lesfranqueses.cat
93,Gaià,https://www.gaia.cat
94,Gallifa,https://www.gallifa.cat
95,Garriga, La,https://www.lagarriga.cat
96,Gavà,https://www.gava.cat
97,Gelida,https://www.gelida.cat
98,Gironella,https://www.gironella.cat
99,Gisclareny,https://www.gisclareny.cat
100,Granada, La,https://www.lagranada.cat
101,Granera,https://www.granera.cat
102,Granollers,https://www.granollers.cat
103,Gualba,https://www.gualba.cat
104,Guardiola de Berguedà,https://www.guardiolabergueda.cat
105,Gurb,https://www.gurb.cat
106,Hospitalet de Llobregat, L',https://www.l-h.cat
107,Hostalets de Pierola, Els,https://www.elshostalets.cat
108,Igualada,https://www.igualada.cat
109,Jorba,https://www.jorba.cat
110,Llacuna, La,https://www.lalacuna.cat
111,Llagosta, La,https://www.lalagosta.cat
112,Lliçà d'Amunt,https://www.llissaamunt.cat
113,Lliçà de Vall,https://www.llissavall.cat
114,Llinars del Vallès,https://www.llinars.cat
115,Lluçà,https://www.lluca.cat
116,Malgrat de Mar,https://www.malgratdemar.cat
117,Malla,https://www.malla.cat
118,Manlleu,https://www.manlleu.cat
119,Manresa,https://www.manresa.cat
120,Marganell,https://www.marganell.cat
121,Martorell,https://www.martorell.cat
122,Martorelles,https://www.martorelles.cat
123,Masies de Roda, Les,https://www.lesmasiesderoda.cat
124,Masies de Voltregà, Les,https://www.lesmasiesdevoltrega.cat
125,Masnou, El,https://www.elmasnou.cat
126,Masquefa,https://www.masquefa.cat
127,Matadepera,https://www.matadepera.cat
128,Mataró,https://www.mataro.cat
129,Mediona,https://www.mediona.cat
130,Moià,https://www.moya.cat
131,Molins de Rei,https://www.molinsderei.cat
132,Mollet del Vallès,https://www.mollet.cat
133,Monistrol de Calders,https://www.monistrolcalders.cat
134,Monistrol de Montserrat,https://www.monistrolmontserrat.cat
135,Montcada i Reixac,https://www.montcada.cat
136,Montclar,https://www.montclar.cat
137,Montesquiu,https://www.montesquiu.cat
138,Montgat,https://www.montgat.cat
139,Montmajor,https://www.montmajor.cat
140,Montmaneu,https://www.montmaneu.cat
141,Montmeló,https://www.montmelo.cat
142,Montornès del Vallès,https://www.montornes.cat
143,Montseny,https://www.montseny.cat
144,Muntanyola,https://www.muntanyola.cat
145,Mura,https://www.mura.cat
146,Navarcles,https://www.navarcles.cat
147,Navàs,https://www.navas.cat
148,Nou de Berguedà, La,https://www.lanou.cat
149,Òdena,https://www.odena.cat
150,Olèrdola,https://www.olerola.cat
151,Olesa de Bonesvalls,https://www.olesabonesvalls.cat
152,Olesa de Montserrat,https://www.olesamontserrat.cat
153,Olivella,https://www.olivella.cat
154,Olost,https://www.olost.cat
155,Olvan,https://www.olvan.cat
156,Orís,https://www.oris.cat
157,Oristà,https://www.orista.cat
158,Orpí,https://www.orpi.cat
159,Òrrius,https://www.orrius.cat
160,Pacs del Penedès,https://www.pacsdelpenedes.cat
161,Palafolls,https://www.palafolls.cat
162,Palau-solità i Plegamans,https://www.palausolita.cat
163,Pallejà,https://www.palleja.cat
164,Palma de Cervelló, La,https://www.palmadecervello.cat
165,Papiol, El,https://www.elpapiol.cat
166,Parets del Vallès,https://www.parets.cat
167,Perafita,https://www.perafita.cat
168,Piera,https://www.piera.cat
169,Pineda de Mar,https://www.pinedademar.cat
170,Pla del Penedès, El,https://www.elpladelpenedes.cat
171,Pobla de Claramunt, La,https://www.lapoblaclaramunt.cat
172,Pobla de Lillet, La,https://www.lapobllillet.cat
173,Polinyà,https://www.polinya.cat
174,Pont de Vilomara i Rocafort, El,https://www.elpontdevilomara.cat
175,Pontons,https://www.pontons.cat
176,Prat de Llobregat, El,https://www.elprat.cat
177,Prats de Lluçanès,https://www.pratsdellucanes.cat
178,Prats de Rei, Els,https://www.elspratsderei.cat
179,Premià de Dalt,https://www.premiadalt.cat
180,Premià de Mar,https://www.premiademar.cat
181,Puigdàlber,https://www.puigdalber.cat
182,Puig-reig,https://www.puigreig.cat
183,Pujalt,https://www.pujalt.cat
184,Quar, La,https://www.laquar.cat
185,Rajadell,https://www.rajadell.cat
186,Rellinars,https://www.rellinars.cat
187,Ripollet,https://www.ripollet.cat
188,Roca del Vallès, La,https://www.larocadelvalles.cat
189,Roda de Ter,https://www.rodater.cat
190,Rubí,https://www.rubi.cat
191,Rubió,https://www.rubio.cat
192,Rupit i Pruit,https://www.rupit.cat
193,Sabadell,https://www.sabadell.cat
194,Sagàs,https://www.sagas.cat
195,Saldes,https://www.saldes.cat
196,Sallent,https://www.sallent.cat
197,Sant Adrià de Besòs,https://www.santadria.cat
198,Sant Agustí de Lluçanès,https://www.santagusti.cat
199,Sant Andreu de la Barca,https://www.santandreubarca.cat
200,Sant Andreu de Llavaneres,https://www.santandreullavaneres.cat
201,Sant Antoni de Vilamajor,https://www.santantoni.cat
202,Sant Bartomeu del Grau,https://www.santbartomeu.cat
203,Sant Boi de Llobregat,https://www.santboi.cat
204,Sant Boi de Lluçanès,https://www.santboillucanes.cat
205,Sant Cebrià de Vallalta,https://www.santcebria.cat
206,Sant Celoni,https://www.santceloni.cat
207,Sant Climent de Llobregat,https://www.santcliment.cat
208,Sant Cugat del Vallès,https://www.santcugat.cat
209,Sant Cugat Sesgarrigues,https://www.santcugatsesgarrigues.cat
210,Sant Esteve de Palautordera,https://www.santestevepalautordera.cat
211,Sant Esteve Sesrovires,https://www.santesteve.cat
212,Sant Feliu de Codines,https://www.santfeliucodines.cat
213,Sant Feliu de Llobregat,https://www.santfeliu.cat
214,Sant Feliu Sasserra,https://www.santfeliusasserra.cat
215,Sant Fost de Campsentelles,https://www.santfost.cat
216,Sant Fruitós de Bages,https://www.santfruitos.cat
217,Sant Hipòlit de Voltregà,https://www.santhipolit.cat
218,Sant Iscle de Vallalta,https://www.santiscle.cat
219,Sant Jaume de Frontanyà,https://www.santjaume.cat
220,Sant Joan de Vilatorrada,https://www.santjoanvilatorrada.cat
221,Sant Joan Despí,https://www.santjoandespi.cat
222,Sant Julià de Cerdanyola,https://www.santjuliacerdanyola.cat
223,Sant Julià de Vilatorta,https://www.santjuliavilatorta.cat
224,Sant Just Desvern,https://www.santjust.cat
225,Sant Llorenç d'Hortons,https://www.santllorenc.cat
226,Sant Llorenç Savall,https://www.santllorencsavall.cat
227,Sant Martí d'Albars,https://www.santmartidalbars.cat
228,Sant Martí de Centelles,https://www.santmarticentelles.cat
229,Sant Martí de Tous,https://www.santmartitous.cat
230,Sant Martí Sarroca,https://www.santmartisarroca.cat
231,Sant Martí Sesgueioles,https://www.santmartisesgueioles.cat
232,Sant Mateu de Bages,https://www.santmateu.cat
233,Sant Pere de Ribes,https://www.santperederibes.cat
234,Sant Pere de Riudebitlles,https://www.santpereriudebitlles.cat
235,Sant Pere de Torelló,https://www.santperetorello.cat
236,Sant Pere de Vilamajor,https://www.santperevilamajor.cat
237,Sant Pere Sallavinera,https://www.santperesallavinera.cat
238,Sant Pol de Mar,https://www.santpol.cat
239,Sant Quintí de Mediona,https://www.santquinti.cat
240,Sant Quirze de Besora,https://www.santquirzebesora.cat
241,Sant Quirze del Vallès,https://www.santquirze.cat
242,Sant Quirze Safaja,https://www.santquirzesafaja.cat
243,Sant Sadurní d'Anoia,https://www.santsadurnianoia.cat
244,Sant Sadurní d'Osormort,https://www.santsadurniosormort.cat
245,Sant Salvador de Guardiola,https://www.santsalvador.cat
246,Sant Vicenç de Castellet,https://www.santvicencdelcastellet.cat
247,Sant Vicenç de Montalt,https://www.santvicencdemontalt.cat
248,Sant Vicenç de Torelló,https://www.santvicenctorello.cat
249,Sant Vicenç dels Horts,https://www.santvicenc.cat
250,Santa Cecília de Voltregà,https://www.santacecilia.cat
251,Santa Coloma de Cervelló,https://www.santacoloma.cat
252,Santa Coloma de Gramenet,https://www.santacolomagramenet.cat
253,Santa Eugènia de Berga,https://www.santaeugenia.cat
254,Santa Eulàlia de Riuprimer,https://www.santaeulalia.cat
255,Santa Eulàlia de Ronçana,https://www.santaeularia.cat
256,Santa Fe del Penedès,https://www.santafe.cat
257,Santa Margarida de Montbui,https://www.santamargarida.cat
258,Santa Margarida i els Monjos,https://www.santamargaridamontbui.cat
259,Santa Maria de Besora,https://www.santamariabesora.cat
260,Santa Maria de Martorelles,https://www.santamariademartorelles.cat
261,Santa Maria de Merlès,https://www.santamariamerles.cat
262,Santa Maria de Miralles,https://www.santamariamiralles.cat
263,Santa Maria de Palautordera,https://www.santamariapalautordera.cat
264,Santa Maria d'Oló,https://www.santamariadolor.cat
265,Santa Perpètua de Mogoda,https://www.santaperpetua.cat
266,Santa Susanna,https://www.santasusanna.cat
267,Santpedor,https://www.santpedor.cat
268,Sentmenat,https://www.sentmenat.cat
269,Seva,https://www.seva.cat
270,Sitges,https://www.sitges.cat
271,Sobremunt,https://www.sobremunt.cat
272,Sora,https://www.sora.cat
273,Subirats,https://www.subirats.cat
274,Súria,https://www.suria.cat
275,Tagamanent,https://www.tagamanent.cat
276,Talamanca,https://www.talamanca.cat
277,Taradell,https://www.taradell.cat
278,Tavèrnoles,https://www.tavernoles.cat
279,Tavertet,https://www.tavertet.cat
280,Teià,https://www.teia.cat
281,Terrassa,https://www.terrassa.cat
282,Tiana,https://www.tiana.cat
283,Tona,https://www.tona.cat
284,Tordera,https://www.tordera.cat
285,Torelló,https://www.torello.cat
286,Torre de Claramunt, La,https://www.torredeclaramunt.cat
287,Torrelavit,https://www.torrelavit.cat
288,Torrelles de Foix,https://www.torrellesdefoix.cat
289,Torrelles de Llobregat,https://www.torrelles.cat
290,Ullastrell,https://www.ullastrell.cat
291,Vacarisses,https://www.vacarisses.cat
292,Vallbona d'Anoia,https://www.vallbonadanoia.cat
293,Vallcebre,https://www.vallcebre.cat
294,Vallgorguina,https://www.vallgorguina.cat
295,Vallirana,https://www.vallirana.cat
296,Vallromanes,https://www.vallromanes.cat
297,Veciana,https://www.veciana.cat
298,Vic,https://www.vic.cat
299,Vilada,https://www.vilada.cat
300,Viladecans,https://www.viladecans.cat
301,Viladecavalls,https://www.viladecavalls.cat
302,Vilafranca del Penedès,https://www.vilafranca.cat
303,Vilalba Sasserra,https://www.vilalbasasserra.cat
304,Vilanova de Sau,https://www.vilanovadesau.cat
305,Vilanova del Camí,https://www.vilanovadelcami.cat
306,Vilanova del Vallès,https://www.vilanovadelvalles.cat
307,Vilanova i la Geltrú,https://www.vilanova.cat
308,Vilassar de Dalt,https://www.vilassardalt.cat
309,Vilassar de Mar,https://www.vilassar.cat
310,Vilobí del Penedès,https://www.vilobi.cat
311,Viver i Serrateix,https://www.viveriserrateix.cat
